modality,pair,target,subject,method,p_sq,pg,g_sq,nrmse_raw,nrmse_subject_rel,nrmse_scale_oracle,nrmse_affine_oracle,scale_a,scale_subject_rel
T1W,0.1T_to_1.5T,1.5T,0006,lpips,1811487.363881328,2012211.1784740454,2278349.510741159,0.16944,0.13766,0.13766,0.13763,1.1108,1.1096
T1W,0.1T_to_1.5T,1.5T,0007,lpips,1928759.4352307671,2173216.2578171478,2481928.582217498,0.1609,0.13648,0.11578,0.11578,1.1267,1.0448
T1W,0.1T_to_1.5T,1.5T,0009,lpips,1399060.5150427506,1790714.5107484618,2347655.3011132665,0.26534,0.23856,0.15396,0.15379,1.2799,1.0439
T1W,0.1T_to_3T,3T,0006,lpips,2743860.279691168,3197611.5946732694,3803023.1198128695,0.1997,0.14965,0.14194,0.14186,1.1654,1.1096
T1W,0.1T_to_3T,3T,0007,lpips,2873524.933907742,2463998.4331243206,2147316.1520779505,0.20794,0.25099,0.12672,0.1267,0.8575,1.0448
T1W,0.1T_to_3T,3T,0009,lpips,2076032.7864012944,2720026.0231651966,3624040.6030706316,0.26786,0.23928,0.12894,0.12876,1.3102,1.0439
T1W,0.1T_to_5T,5T,0006,lpips,957580.7203559026,662720.342224355,482299.0247689652,0.48711,0.62857,0.22142,0.22119,0.6921,1.1096
T1W,0.1T_to_5T,5T,0007,lpips,1011006.3634053624,636915.809539404,419208.730313553,0.61077,0.67659,0.207,0.20686,0.63,1.0448
T1W,0.1T_to_5T,5T,0009,lpips,729249.9515214387,541124.5073990057,416859.8667648289,0.3914,0.44292,0.19177,0.19158,0.742,1.0439
T1W,0.1T_to_7T,7T,0006,lpips,729111.8415682036,664993.8011676806,714032.7582231096,0.39809,0.43637,0.38805,0.38802,0.9121,1.1096
T1W,0.1T_to_7T,7T,0007,lpips,758012.9942092287,573074.6385283839,497434.91620167723,0.46875,0.50603,0.35919,0.35918,0.756,1.0448
T1W,0.1T_to_7T,7T,0009,lpips,568175.7755268117,230609.93495819895,105526.6012830897,1.41899,1.51813,0.33619,0.33618,0.4059,1.0439
T1W,1.5T_to_0.1T,0.1T,0006,lpips,4534549.974375693,4247260.284952642,4064236.846109953,0.16017,0.28163,0.14552,0.14552,0.9366,1.1649
T1W,1.5T_to_0.1T,0.1T,0007,lpips,5027915.994001889,4548561.827964774,4172328.7992550493,0.15721,0.30499,0.11731,0.11731,0.9047,1.1611
T1W,1.5T_to_0.1T,0.1T,0009,lpips,4322393.57935999,3564327.6965423003,3038726.1154443105,0.27659,0.54144,0.18097,0.18096,0.8246,1.2525
T1W,1.5T_to_3T,3T,0006,lpips,3124304.2572344253,3417095.78974032,3803023.1198128695,0.15649,0.14642,0.13143,0.13143,1.0937,1.1649
T1W,1.5T_to_3T,3T,0007,lpips,3449912.9640934877,2695686.7131005833,2147316.1520779505,0.30962,0.50075,0.13812,0.13812,0.7814,1.1611
T1W,1.5T_to_3T,3T,0009,lpips,2992847.7785176416,3251586.17530914,3624040.6030706316,0.17714,0.21903,0.15876,0.15876,1.0865,1.2525
T1W,1.5T_to_5T,5T,0006,lpips,1106682.3098345413,719079.6601615224,482299.0247689652,0.55921,0.80012,0.17676,0.17674,0.6498,1.1649
T1W,1.5T_to_5T,5T,0007,lpips,1216856.1225302105,700098.1555313651,419208.730313553,0.7501,1.01745,0.1979,0.19784,0.5753,1.1611
T1W,1.5T_to_5T,5T,0009,lpips,1051566.5802910025,649656.806648422,416859.8667648289,0.63693,1.02634,0.19284,0.19284,0.6178,1.2525
T1W,1.5T_to_7T,7T,0006,lpips,834802.605425522,720150.2228452679,714032.7582231096,0.38988,0.48658,0.36049,0.36046,0.8627,1.1649
T1W,1.5T_to_7T,7T,0007,lpips,908114.6397017936,626108.0101507152,497434.91620167723,0.5552,0.7337,0.36359,0.36358,0.6895,1.1611
T1W,1.5T_to_7T,7T,0009,lpips,808024.0029925327,271397.8799482366,105526.6012830897,1.8744,2.5631,0.36902,0.36902,0.3359,1.2525
T1W,3T_to_0.1T,0.1T,0006,lpips,4696019.063132769,4325109.227317565,4064236.846109953,0.16454,0.36598,0.14095,0.14087,0.921,1.2352
T1W,3T_to_0.1T,0.1T,0007,lpips,3183669.9324174384,3625532.6034935247,4172328.7992550493,0.15859,0.23931,0.10223,0.1022,1.1388,0.8911
T1W,3T_to_0.1T,0.1T,0009,lpips,4271434.311598663,3558039.649250404,3038726.1154443105,0.25272,0.57078,0.15703,0.15694,0.833,1.2958
T1W,3T_to_1.5T,1.5T,0006,lpips,2107966.2089052442,2176272.8273218093,2278349.510741159,0.12175,0.22784,0.11769,0.11758,1.0324,1.2352
T1W,3T_to_1.5T,1.5T,0007,lpips,1528533.6704078037,1933878.1288645207,2481928.582217498,0.23979,0.31683,0.11912,0.11907,1.2652,0.8911
T1W,3T_to_1.5T,1.5T,0009,lpips,1903065.6029118802,2096749.87127355,2347655.3011132665,0.15612,0.21565,0.1264,0.12634,1.1018,1.2958
T1W,3T_to_5T,5T,0006,lpips,1135388.0296629618,728520.1401963898,482299.0247689652,0.57714,0.92748,0.17544,0.17544,0.6416,1.2352
T1W,3T_to_5T,5T,0007,lpips,780781.3191182647,561148.5003724162,419208.730313553,0.4305,0.30545,0.19482,0.19466,0.7187,0.8911
T1W,3T_to_5T,5T,0009,lpips,1031970.7930789398,645996.1076593498,416859.8667648289,0.61338,1.06804,0.17301,0.17298,0.626,1.2958
T1W,3T_to_7T,7T,0006,lpips,853484.3718637034,730285.0036766292,714032.7582231096,0.38701,0.54506,0.35337,0.35329,0.8557,1.2352
T1W,3T_to_7T,7T,0007,lpips,574461.815788807,502238.2968445559,497434.91620167723,0.36815,0.34294,0.34246,0.34244,0.8743,0.8911
T1W,3T_to_7T,7T,0009,lpips,790152.314271384,270596.45033690415,105526.6012830897,1.83281,2.63202,0.34906,0.34905,0.3425,1.2958
T1W,5T_to_0.1T,0.1T,0006,lpips,1970639.9480256804,2782283.09858064,4064236.846109953,0.34018,0.48057,0.18294,0.18289,1.4119,0.7737
T1W,5T_to_0.1T,0.1T,0007,lpips,1721014.053717898,2646552.8393150764,4172328.7992550493,0.37929,0.5624,0.15673,0.15666,1.5378,0.6968
T1W,5T_to_0.1T,0.1T,0009,lpips,1718671.6596031482,2258906.793063984,3038726.1154443105,0.28079,0.4515,0.15153,0.15152,1.3143,0.7488
T1W,5T_to_1.5T,1.5T,0006,lpips,944295.4254323074,1453584.121327173,2278349.510741159,0.37211,0.51076,0.13382,0.13381,1.5393,0.7737
T1W,5T_to_1.5T,1.5T,0007,lpips,824140.8054157048,1413627.7557939438,2481928.582217498,0.43923,0.60619,0.15177,0.15173,1.7153,0.6968
T1W,5T_to_1.5T,1.5T,0009,lpips,817620.8268066018,1371054.8336643195,2347655.3011132665,0.42456,0.56627,0.14382,0.14373,1.6769,0.7488
T1W,5T_to_3T,3T,0006,lpips,1258691.3898255932,2164891.5293554543,3803023.1198128695,0.4387,0.56327,0.14459,0.14452,1.72,0.7737
T1W,5T_to_3T,3T,0007,lpips,1080817.6422432205,1501924.404234372,2147316.1520779505,0.32319,0.51926,0.16746,0.16735,1.3896,0.6968
T1W,5T_to_3T,3T,0009,lpips,1091706.8416613783,1973998.2952310694,3624040.6030706316,0.46027,0.59428,0.12286,0.12276,1.8082,0.7488
T1W,5T_to_7T,7T,0006,lpips,369473.89063194,487512.91770202114,714032.7582231096,0.38978,0.50325,0.31482,0.31465,1.3195,0.7737
T1W,5T_to_7T,7T,0007,lpips,322650.264259796,380261.07371555595,497434.91620167723,0.34604,0.49959,0.31474,0.31455,1.1786,0.6968
T1W,5T_to_7T,7T,0009,lpips,324381.1111474538,177448.31416806526,105526.6012830897,0.84311,0.45306,0.28307,0.28299,0.547,0.7488
T1W,7T_to_0.1T,0.1T,0006,lpips,3360700.7393336087,3507514.0143404827,4064236.846109953,0.31758,0.35832,0.31509,0.31255,1.0437,1.2313
T1W,7T_to_0.1T,0.1T,0007,lpips,2578407.0032612463,3116836.276797129,4172328.7992550493,0.35203,0.34733,0.31141,0.30713,1.2088,1.0132
T1W,7T_to_0.1T,0.1T,0009,lpips,555041.2278648986,1252634.6632465227,3038726.1154443105,0.59851,0.79148,0.26397,0.26247,2.2568,0.5109
T1W,7T_to_1.5T,1.5T,0006,lpips,1509547.5487870278,1775201.835507147,2278349.510741159,0.32286,0.29283,0.28934,0.28726,1.176,1.2313
T1W,7T_to_1.5T,1.5T,0007,lpips,1188270.9784623634,1625797.788060167,2481928.582217498,0.41068,0.4051,0.32211,0.31817,1.3682,1.0132
T1W,7T_to_1.5T,1.5T,0009,lpips,257248.34107496263,744247.7432804828,2347655.3011132665,0.6896,0.83944,0.28781,0.28578,2.8931,0.5109
T1W,7T_to_3T,3T,0006,lpips,2283707.577182321,2809099.0576617634,3803023.1198128695,0.351,0.30235,0.30235,0.29927,1.2301,1.2313
T1W,7T_to_3T,3T,0007,lpips,1685884.015625295,1794245.1784464647,2147316.1520779505,0.33758,0.33581,0.33274,0.3278,1.0643,1.0132
T1W,7T_to_3T,3T,0009,lpips,306172.8343417305,1009712.1003709096,3624040.6030706316,0.72612,0.85869,0.2849,0.28221,3.2979,0.5109
T1W,7T_to_5T,5T,0006,lpips,814386.1838561111,601184.8150601459,482299.0247689652,0.44222,0.70031,0.28254,0.28029,0.7382,1.2313
T1W,7T_to_5T,5T,0007,lpips,629581.5435442891,488110.1246386662,419208.730313553,0.41607,0.4269,0.3119,0.30778,0.7753,1.0132
T1W,7T_to_5T,5T,0009,lpips,123222.82924952242,219105.13468580277,416859.8667648289,0.49435,0.73489,0.25574,0.25385,1.7781,0.5109
T2W,0.1T_to_1.5T,1.5T,0006,lpips,2470865.8030096465,1528369.5965049276,1053998.0622526873,0.66644,0.7211,0.32102,0.321,0.6186,1.0403
T2W,0.1T_to_1.5T,1.5T,0007,lpips,1624581.8696566073,1371898.326396394,1262138.848272205,0.33651,0.28655,0.28653,0.28649,0.8445,0.8471
T2W,0.1T_to_1.5T,1.5T,0009,lpips,1438939.516600334,1128570.780565771,941559.8851580386,0.36196,0.25311,0.24478,0.24477,0.7843,0.8364
T2W,0.1T_to_3T,3T,0006,lpips,2599499.127257407,1551402.8553854758,1047448.655702306,0.72076,0.77726,0.34066,0.34056,0.5968,1.0403
T2W,0.1T_to_3T,3T,0007,lpips,1700013.7595561077,1370772.5440101412,1205000.389970746,0.36832,0.29169,0.28765,0.28761,0.8063,0.8471
T2W,0.1T_to_3T,3T,0009,lpips,1510542.369993635,1201279.8124496613,1037442.3052186009,0.3744,0.28568,0.28133,0.28129,0.7953,0.8364
T2W,0.1T_to_5T,5T,0006,lpips,2012774.949916732,1454548.2329947161,1191192.352619564,0.49754,0.53669,0.34289,0.34285,0.7227,1.0403
T2W,0.1T_to_5T,5T,0007,lpips,1333254.3306947458,1143149.5360662565,1077761.0679211018,0.34017,0.30116,0.30094,0.30092,0.8574,0.8471
T2W,0.1T_to_5T,5T,0009,lpips,1196904.873111246,902601.5439956092,752323.4874621978,0.43754,0.32562,0.30863,0.3086,0.7541,0.8364
T2W,0.1T_to_7T,7T,0006,lpips,1593818.288174707,1305596.8933926094,1244475.9123391546,0.42718,0.4508,0.37497,0.3749,0.8192,1.0403
T2W,0.1T_to_7T,7T,0007,lpips,1057046.603763083,806941.2270300383,706741.0565468612,0.46055,0.37262,0.3583,0.35829,0.7634,0.8471
T2W,0.1T_to_7T,7T,0009,lpips,965152.8960631267,879454.1241617375,870119.0455511197,0.29625,0.29193,0.2811,0.28107,0.9112,0.8364
T2W,1.5T_to_0.1T,0.1T,0006,lpips,1332776.7777178923,1951038.9699212904,3046546.1901859995,0.39579,0.41863,0.25002,0.2481,1.4639,0.9562
T2W,1.5T_to_0.1T,0.1T,0007,lpips,1565795.9405035768,1732229.89826574,2031185.3539286666,0.25543,0.27633,0.23777,0.23674,1.1063,0.9459
T2W,1.5T_to_0.1T,0.1T,0009,lpips,1188119.7418020123,1427708.779625992,1781409.011151804,0.25309,0.33534,0.19219,0.19155,1.2017,0.8652
T2W,1.5T_to_3T,3T,0006,lpips,1051157.0154261077,1008679.7431732278,1047448.655702306,0.27851,0.27557,0.27555,0.27542,0.9596,0.9562
T2W,1.5T_to_3T,3T,0007,lpips,1271303.683130231,1191760.1766918462,1205000.389970746,0.27749,0.27008,0.26994,0.26985,0.9374,0.9459
T2W,1.5T_to_3T,3T,0009,lpips,942423.0695608566,961766.42507824,1037442.3052186009,0.23302,0.2754,0.2322,0.23217,1.0205,0.8652
T2W,1.5T_to_5T,5T,0006,lpips,826556.9796809072,958911.3763415612,1191192.352619564,0.28963,0.30813,0.25709,0.25692,1.1601,0.9562
T2W,1.5T_to_5T,5T,0007,lpips,989985.0423381844,994558.9078717462,1077761.0679211018,0.2701,0.27586,0.27007,0.26998,1.0046,0.9459
T2W,1.5T_to_5T,5T,0009,lpips,746209.7469071328,725343.4470604372,752323.4874621978,0.25219,0.27231,0.25064,0.25063,0.972,0.8652
T2W,1.5T_to_7T,7T,0006,lpips,647569.3703095987,836998.911705396,1244475.9123391546,0.41858,0.43535,0.3615,0.36104,1.2925,0.9562
T2W,1.5T_to_7T,7T,0007,lpips,771486.0956697699,693511.2919985325,706741.0565468612,0.35923,0.34686,0.34336,0.3432,0.8989,0.9459
T2W,1.5T_to_7T,7T,0009,lpips,592810.3260611735,687827.7827564804,870119.0455511197,0.3167,0.37701,0.28775,0.2875,1.1603,0.8652
T2W,3T_to_0.1T,0.1T,0006,lpips,1254475.790838867,1897975.1592073282,3046546.1901859995,0.40717,0.44112,0.23966,0.23724,1.513,0.9358
T2W,3T_to_0.1T,0.1T,0007,lpips,1404430.7590479895,1654922.1732060574,2031185.3539286666,0.24884,0.28795,0.19981,0.19851,1.1784,0.929
T2W,3T_to_0.1T,0.1T,0009,lpips,1220224.9942502063,1445126.586702969,1781409.011151804,0.25005,0.28918,0.19813,0.19697,1.1843,0.9298
T2W,3T_to_1.5T,1.5T,0006,lpips,946452.0266831811,970949.1586303434,1053998.0622526873,0.23569,0.24946,0.23442,0.23411,1.0259,0.9358
T2W,3T_to_1.5T,1.5T,0007,lpips,1078478.8386793958,1134435.4383418856,1262138.848272205,0.23842,0.2597,0.23355,0.23307,1.0519,0.929
T2W,3T_to_1.5T,1.5T,0009,lpips,943023.7337009745,923938.6967471999,941559.8851580386,0.19744,0.20267,0.1964,0.19616,0.9798,0.9298
T2W,3T_to_5T,5T,0006,lpips,782886.3569674179,944552.2538703259,1191192.352619564,0.26709,0.30242,0.20811,0.20801,1.2065,0.9358
T2W,3T_to_5T,5T,0007,lpips,888888.0018920428,960974.7902915605,1077761.0679211018,0.20365,0.23479,0.18987,0.18986,1.0811,0.929
T2W,3T_to_5T,5T,0009,lpips,786225.7156061656,754607.2349790554,752323.4874621978,0.19746,0.19555,0.19314,0.19314,0.9598,0.9298
T2W,3T_to_7T,7T,0006,lpips,632484.2877943304,848025.6534192458,1244475.9123391546,0.38127,0.41194,0.29385,0.2937,1.3408,0.9358
T2W,3T_to_7T,7T,0007,lpips,717913.8043187856,683954.4991816664,706741.0565468612,0.28336,0.28034,0.27932,0.27928,0.9527,0.929
T2W,3T_to_7T,7T,0009,lpips,644875.0587667857,728566.5278589537,870119.0455511197,0.25787,0.28923,0.23241,0.23224,1.1298,0.9298
T2W,5T_to_0.1T,0.1T,0006,lpips,1641777.1592901968,2177969.9534415323,3046546.1901859995,0.33031,0.25413,0.2272,0.22554,1.3266,1.1715
T2W,5T_to_0.1T,0.1T,0007,lpips,1538480.9568271744,1732364.8088028585,2031185.3539286666,0.22729,0.2052,0.19908,0.19806,1.126,1.0689
T2W,5T_to_0.1T,0.1T,0009,lpips,1119173.370119551,1378690.5758458562,1781409.011151804,0.28353,0.31103,0.21588,0.21461,1.2319,0.9494
T2W,5T_to_1.5T,1.5T,0006,lpips,1304848.8851167376,1143670.4928913428,1053998.0622526873,0.26047,0.39588,0.22125,0.22123,0.8765,1.1715
T2W,5T_to_1.5T,1.5T,0007,lpips,1208868.3450948403,1203598.3998049584,1262138.848272205,0.22485,0.23596,0.22481,0.22454,0.9956,1.0689
T2W,5T_to_1.5T,1.5T,0009,lpips,859615.4180889255,880591.3249751265,941559.8851580386,0.20609,0.21695,0.20477,0.20443,1.0244,0.9494
T2W,5T_to_3T,3T,0006,lpips,1383297.011701049,1174349.9588300118,1047448.655702306,0.27987,0.43082,0.21954,0.21948,0.8489,1.1715
T2W,5T_to_3T,3T,0007,lpips,1278311.8591266028,1220178.2158239977,1205000.389970746,0.18881,0.21756,0.1829,0.18288,0.9545,1.0689
T2W,5T_to_3T,3T,0009,lpips,902960.4231593105,952211.344182708,1037442.3052186009,0.18623,0.20425,0.17914,0.17911,1.0545,0.9494
T2W,5T_to_7T,7T,0006,lpips,868665.4898942892,1002553.7254795615,1244475.9123391546,0.29464,0.2654,0.26501,0.265,1.1541,1.1715
T2W,5T_to_7T,7T,0007,lpips,795224.4802498121,721478.7893840023,706741.0565468612,0.28895,0.32127,0.27169,0.27169,0.9073,1.0689
T2W,5T_to_7T,7T,0009,lpips,579509.2529272834,695385.1676608194,870119.0455511197,0.26008,0.2878,0.20252,0.20236,1.2,0.9494
T2W,7T_to_0.1T,0.1T,0006,lpips,2005066.3922736424,2376809.705130559,3046546.1901859995,0.31275,0.28036,0.27421,0.27167,1.1854,1.2574
T2W,7T_to_0.1T,0.1T,0007,lpips,1305238.3686039832,1561040.1222552594,2031185.3539286666,0.32485,0.38029,0.28433,0.28184,1.196,0.881
T2W,7T_to_0.1T,0.1T,0009,lpips,1511316.6502361828,1605397.9533187733,1781409.011151804,0.21446,0.22321,0.20665,0.20572,1.0623,0.9706
T2W,7T_to_1.5T,1.5T,0006,lpips,1645211.23710324,1227851.1904865857,1053998.0622526873,0.48066,0.73368,0.36136,0.36035,0.7463,1.2574
T2W,7T_to_1.5T,1.5T,0007,lpips,1016869.9928839158,1070831.0365941583,1262138.848272205,0.32988,0.36113,0.32642,0.32461,1.0531,0.881
T2W,7T_to_1.5T,1.5T,0009,lpips,1222629.6848007278,1033172.2909176472,941559.8851580386,0.32236,0.30532,0.2697,0.26936,0.845,0.9706
T2W,7T_to_3T,3T,0006,lpips,1726382.898529222,1261392.3820388305,1047448.655702306,0.48957,0.75986,0.34656,0.34622,0.7307,1.2574
T2W,7T_to_3T,3T,0007,lpips,1050389.0800859064,1072899.9498297004,1205000.389970746,0.30157,0.32825,0.30091,0.30013,1.0214,0.881
T2W,7T_to_3T,3T,0009,lpips,1282342.451647382,1114133.0583017832,1037442.3052186009,0.29701,0.28242,0.25874,0.2587,0.8688,0.9706
T2W,7T_to_5T,5T,0006,lpips,1355109.1397005268,1209209.9205734024,1191192.352619564,0.32765,0.49575,0.30687,0.30648,0.8923,1.2574
T2W,7T_to_5T,5T,0007,lpips,828642.57736984,902473.4771995266,1077761.0679211018,0.30682,0.34834,0.2967,0.29573,1.0891,0.881
T2W,7T_to_5T,5T,0009,lpips,1006794.3648246034,844023.0323304937,752323.4874621978,0.30736,0.28796,0.24391,0.2439,0.8383,0.9706
T2FLAIR,0.1T_to_1.5T,1.5T,0006,lpips,2041576.3122357999,2711837.50492148,3704485.241900683,0.295,0.43913,0.16621,0.16614,1.3283,0.7808
T2FLAIR,0.1T_to_1.5T,1.5T,0007,lpips,2374873.95471121,2316274.4931607153,2403060.007326249,0.24597,0.27596,0.24474,0.24348,0.9753,0.8471
T2FLAIR,0.1T_to_1.5T,1.5T,0009,lpips,3123006.471043688,3336571.3517194083,3614964.803524517,0.13392,0.12679,0.11787,0.11787,1.0684,1.0181
T2FLAIR,0.1T_to_3T,3T,0006,lpips,1124563.187152334,1863913.827327425,3201802.1028532293,0.43236,0.55232,0.1874,0.18727,1.6575,0.7808
T2FLAIR,0.1T_to_3T,3T,0007,lpips,1311930.656455904,2224834.7892880226,4039395.2516535604,0.47246,0.54767,0.25681,0.25538,1.6958,0.8471
T2FLAIR,0.1T_to_3T,3T,0009,lpips,1768442.5134107717,2251742.9593170485,2922789.7148233815,0.25345,0.24175,0.138,0.13798,1.2733,1.0181
T2FLAIR,0.1T_to_5T,5T,0006,lpips,1412465.95365483,1773993.8840402314,2299005.2186109903,0.26667,0.4118,0.17567,0.17551,1.256,0.7808
T2FLAIR,0.1T_to_5T,5T,0007,lpips,1646442.61364668,2306894.4664767417,3437860.7689578496,0.36995,0.45478,0.24454,0.24318,1.4011,0.8471
T2FLAIR,0.1T_to_5T,5T,0009,lpips,2198485.3642061944,2465838.621994196,2814392.0717861857,0.16986,0.1602,0.13153,0.13151,1.1216,1.0181
T2FLAIR,0.1T_to_7T,7T,0006,lpips,597944.4486973019,628310.739515375,717328.423282181,0.28594,0.37467,0.28216,0.28187,1.0508,0.7808
T2FLAIR,0.1T_to_7T,7T,0007,lpips,695921.0906732405,484811.6663188405,382671.7109971353,0.53363,0.39819,0.34265,0.34089,0.6966,0.8471
T2FLAIR,0.1T_to_7T,7T,0009,lpips,956120.7332290702,623539.7584211213,421776.31009726715,0.55692,0.58265,0.18941,0.18934,0.6522,1.0181
T2FLAIR,1.5T_to_0.1T,0.1T,0006,lpips,4184769.380367234,3034837.742315856,2259008.3832891113,0.40695,0.47278,0.16039,0.16023,0.7252,1.052
T2FLAIR,1.5T_to_0.1T,0.1T,0007,lpips,2729491.0163123254,2616666.93755757,2660831.9270433867,0.2429,0.28519,0.23926,0.23922,0.9587,0.8054
T2FLAIR,1.5T_to_0.1T,0.1T,0009,lpips,4066385.1146341157,3791738.1704000975,3579186.2731723343,0.13172,0.19171,0.1103,0.11025,0.9325,1.0796
T2FLAIR,1.5T_to_3T,3T,0006,lpips,2068381.9616050618,2557814.4224595297,3201802.1028532293,0.21971,0.18473,0.11,0.10998,1.2366,1.052
T2FLAIR,1.5T_to_3T,3T,0007,lpips,1341169.7966583276,2315910.765176941,4039395.2516535604,0.43053,0.54022,0.0999,0.09988,1.7268,0.8054
T2FLAIR,1.5T_to_3T,3T,0009,lpips,2047515.8997354556,2434932.0151412273,2922789.7148233815,0.18538,0.13307,0.09636,0.09634,1.1892,1.0796
T2FLAIR,1.5T_to_5T,5T,0006,lpips,2579376.4101864705,2420833.8907549204,2299005.2186109903,0.12637,0.16177,0.10831,0.10825,0.9385,1.052
T2FLAIR,1.5T_to_5T,5T,0007,lpips,1688191.274516936,2398229.591461027,3437860.7689578496,0.30963,0.4414,0.09489,0.09486,1.4206,0.8054
T2FLAIR,1.5T_to_5T,5T,0009,lpips,2527380.254734841,2655490.342747965,2814392.0717861857,0.1046,0.09686,0.09292,0.09291,1.0507,1.0796
T2FLAIR,1.5T_to_7T,7T,0006,lpips,1119787.8394918877,871984.7931470441,717328.423282181,0.36035,0.41228,0.2311,0.23099,0.7787,1.052
T2FLAIR,1.5T_to_7T,7T,0007,lpips,724997.4960708675,514978.9360620487,382671.7109971353,0.45064,0.24745,0.20998,0.20993,0.7103,0.8054
T2FLAIR,1.5T_to_7T,7T,0009,lpips,1135597.254607401,681909.517624997,421776.31009726715,0.67742,0.80443,0.17077,0.1707,0.6005,1.0796
T2FLAIR,3T_to_0.1T,0.1T,0006,lpips,5205931.245748015,3385704.0432921243,2259008.3832891113,0.55408,1.00192,0.15898,0.15896,0.6504,1.302
T2FLAIR,3T_to_0.1T,0.1T,0007,lpips,5884795.3701808,3850420.687443112,2660831.9270433867,0.56346,1.06734,0.23061,0.2306,0.6543,1.3551
T2FLAIR,3T_to_0.1T,0.1T,0009,lpips,4588389.517601538,4023942.7464713026,3579186.2731723343,0.18287,0.46712,0.11849,0.11849,0.877,1.2761
T2FLAIR,3T_to_1.5T,1.5T,0006,lpips,4532801.662144359,4073419.7586423005,3704485.241900683,0.15626,0.45925,0.10885,0.10882,0.8987,1.302
T2FLAIR,3T_to_1.5T,1.5T,0007,lpips,5139862.599793711,3494262.2303879303,2403060.007326249,0.48032,0.99328,0.10704,0.10703,0.6798,1.3551
T2FLAIR,3T_to_1.5T,1.5T,0009,lpips,3995307.5509113553,3781230.5599374142,3614964.803524517,0.115,0.36076,0.10026,0.10024,0.9464,1.2761
T2FLAIR,3T_to_5T,5T,0006,lpips,3275943.015801676,2725329.414811404,2299005.2186109903,0.23251,0.5733,0.11751,0.11751,0.8319,1.302
T2FLAIR,3T_to_5T,5T,0007,lpips,3727164.8416896584,3557665.1554062297,3437860.7689578496,0.12023,0.43144,0.11051,0.1105,0.9545,1.3551
T2FLAIR,3T_to_5T,5T,0009,lpips,2890309.037053019,2836571.435069129,2814392.0717861857,0.10589,0.31626,0.1042,0.10419,0.9814,1.2761
T2FLAIR,3T_to_7T,7T,0006,lpips,1518664.603552609,1019633.8888037722,717328.423282181,0.52369,0.94208,0.21365,0.21364,0.6714,1.302
T2FLAIR,3T_to_7T,7T,0007,lpips,1772961.151074331,804376.7909656432,382671.7109971353,1.19545,1.95206,0.21527,0.21526,0.4537,1.3551
T2FLAIR,3T_to_7T,7T,0009,lpips,1375701.650526342,752843.9193258409,421776.31009726715,0.83175,1.32503,0.15233,0.15233,0.5472,1.2761
T2FLAIR,5T_to_0.1T,0.1T,0006,lpips,3715205.8647009255,2859939.3719023396,2259008.3832891113,0.33554,0.33268,0.15947,0.15939,0.7698,0.9975
T2FLAIR,5T_to_0.1T,0.1T,0007,lpips,5368064.853175123,3680952.2739864546,2660831.9270433867,0.50067,0.67393,0.22671,0.22671,0.6857,1.1325
T2FLAIR,5T_to_0.1T,0.1T,0009,lpips,4295008.000182995,3896025.6243823785,3579186.2731723343,0.15149,0.28002,0.11223,0.11221,0.9071,1.1413
T2FLAIR,5T_to_1.5T,1.5T,0006,lpips,3225152.950027288,3439535.706239285,3704485.241900683,0.11683,0.11811,0.09901,0.099,1.0665,0.9975
T2FLAIR,5T_to_1.5T,1.5T,0007,lpips,4608254.292086324,3314475.899905323,2403060.007326249,0.39889,0.57923,0.08923,0.08922,0.7192,1.1325
T2FLAIR,5T_to_1.5T,1.5T,0009,lpips,3717860.723624711,3653382.574243051,3614964.803524517,0.08491,0.18107,0.08306,0.08305,0.9827,1.1413
T2FLAIR,5T_to_3T,3T,0006,lpips,1822320.397449181,2400484.249120017,3201802.1028532293,0.264,0.26574,0.11138,0.11138,1.3173,0.9975
T2FLAIR,5T_to_3T,3T,0007,lpips,2699762.5234994357,3286717.3681122237,4039395.2516535604,0.20255,0.11937,0.09714,0.09713,1.2174,1.1325
T2FLAIR,5T_to_3T,3T,0009,lpips,2187048.1843098304,2517994.593561246,2922789.7148233815,0.15895,0.0906,0.09018,0.09018,1.1513,1.1413
T2FLAIR,5T_to_7T,7T,0006,lpips,967075.6055227612,816284.5971047395,717328.423282181,0.26881,0.26684,0.19871,0.1987,0.8441,0.9975
T2FLAIR,5T_to_7T,7T,0007,lpips,1467204.265015158,732934.8578224473,382671.7109971353,1.00174,1.25676,0.20789,0.20787,0.4995,1.1325
T2FLAIR,5T_to_7T,7T,0009,lpips,1211970.811095083,706920.99864304,421776.31009726715,0.72207,0.95768,0.14962,0.1496,0.5833,1.1413
T2FLAIR,7T_to_0.1T,0.1T,0006,lpips,2729558.0063007423,2419519.728377959,2259008.3832891113,0.25728,0.24016,0.22495,0.22457,0.8864,0.9629
T2FLAIR,7T_to_0.1T,0.1T,0007,lpips,1573250.4080801578,1962541.8700077797,2660831.9270433867,0.34078,0.52587,0.28271,0.2825,1.2474,0.6708
T2FLAIR,7T_to_0.1T,0.1T,0009,lpips,1678502.1144060793,2422472.5575006427,3579186.2731723343,0.33958,0.53965,0.15227,0.15219,1.4432,0.6872
T2FLAIR,7T_to_1.5T,1.5T,0006,lpips,2378915.850741874,2913738.485577336,3704485.241900683,0.26284,0.28403,0.19138,0.19124,1.2248,0.9629
T2FLAIR,7T_to_1.5T,1.5T,0007,lpips,1376127.9379607718,1792673.3528065127,2403060.007326249,0.28401,0.50682,0.16792,0.16776,1.3027,0.6708
T2FLAIR,7T_to_1.5T,1.5T,0009,lpips,1465727.1329210259,2278404.7948564733,3614964.803524517,0.38068,0.57028,0.14239,0.14237,1.5545,0.6872
T2FLAIR,7T_to_3T,3T,0006,lpips,1341032.1872477438,2039275.5546644493,3201802.1028532293,0.3808,0.40218,0.17737,0.17722,1.5207,0.9629
T2FLAIR,7T_to_3T,3T,0007,lpips,732963.2134222875,1692292.1690729882,4039395.2516535604,0.58614,0.72083,0.18089,0.18063,2.3088,0.6708
T2FLAIR,7T_to_3T,3T,0009,lpips,803257.3839636844,1519403.4085992733,2922789.7148233815,0.4849,0.64443,0.12916,0.12913,1.8916,0.6872
T2FLAIR,7T_to_5T,5T,0006,lpips,1684686.990082151,1939140.389415301,2299005.2186109903,0.21413,0.23466,0.17069,0.17049,1.151,0.9629
T2FLAIR,7T_to_5T,5T,0007,lpips,959792.0624349826,1789747.2426429398,3437860.7689578496,0.48784,0.65361,0.17096,0.17073,1.8647,0.6708
T2FLAIR,7T_to_5T,5T,0009,lpips,1030132.7425580587,1688231.332896307,2814392.0717861857,0.40781,0.59025,0.1301,0.13008,1.6388,0.6872
